# Focus ID suffix | unique central subject for its illustrated icon
political_turmoil|torn electoral ballot with inked civic seal and split black-red-gold ribbon, no architecture
food_relief|bread loaf and emergency ration card
reichswehr_compromise|army helmet resting on signed compromise paper
rebuild_economy|brick factory rising behind a construction gear
reconstitute_civil_service|official desk stamp over orderly file folders
reconstruction_commission|architect blueprint with a surveying compass
restore_transport_links|reconnected rail track across a broken bridge
municipal_reconstruction|town hall facade beside a bricklayer's trowel
reparations_crisis|coin pile chained to a demand ledger
end_ruhr_resistance|coal pickaxe laid across a folded strike banner
retain_the_republic|republican eagle over a small ballot urn
hold_national_assembly_1919|assembly hall and inaugural ballot paper
establish_the_reichstag|Reichstag dome above parliamentary benches
defeat_kapp_putsch|halted coup boot beneath a raised civic shield
stabilize_currency|new stable coin pressing down a wild price spiral
roaring_twenties|rising gold bars, growth arrow and coin
modernize_industry|modern machine tool cutting a steel gear
unemployment_insurance|protective umbrella above worker's pay packet
expand_exports|cargo ship leaving a warehouse dock
dawes_plan|foreign loan ledger linked to a flowing chain of gold coins, no buildings
elect_hindenburg|presidential ballot box with a field marshal's cap
locarno_treaties|two treaty scrolls crossed over a border map
join_league_of_nations|globe embraced by a laurel wreath
depression_response|broken market graph above a relief document
young_plan_focus|reparations ledger with revised downward instalments
presidential_cabinet_focus|presidential seal above a cabinet table
defend_democracy|ballot box sheltered by a steel shield
appoint_hitler|dark torch before an official appointment decree
republican_recovery|rebuilding factory behind a republican rosette
public_works|shovel and pickaxe over a new road section
austerity|budget ledger tightened by a belt
bank_restructuring|bank vault door being repaired by a wrench, beside a ledger
recover_from_depression|sunrise behind a reopened factory gate
municipal_emergency_relief|town hall handing out a bread parcel
vocational_retraining|workshop manual crossed with a machinist's caliper
republican_public_works|road roller beneath a civic banner, no buildings
restore_civic_confidence|joined hands supporting a ballot urn
european_security_accord|European border map under an olive branch
gleichschaltung|authoritarian torch binding several state seals
a_new_leaf|new red leaf rising from a gear
workers_councils|workers' assembly table around a red gear
socialize_industry|factory smokestacks entering collective hands
red_reichswehr_focus|red-star army helmet above crossed sabres
peoples_republic|red star above a republican civic shield
dismantle_the_republic|crown removing a republican eagle seal
rally_old_elites|aristocratic signet rings beside a crown
federal_compromise|linked regional shields around a central seal
secure_officer_corps|officer epaulettes and signed oath document
state_of_the_nation|speaking lectern beneath the national eagle
continuation_of_democracy|unbroken ballot chain around a constitution
instate_new_monarchy|crown placed on a constitutional charter
power_to_the_new_kaiser|imperial sceptre crossing a crowned eagle
undermine_versailles|key working loose a treaty chain
clandestine_staff_training|concealed map, compass and officer baton
secret_armaments|covered artillery barrel beneath a workshop tarp
prepare_treaty_revision|quill marking amendments on a treaty scroll
repudiate_versailles|torn treaty scroll with snapped iron chain
national_labor_service|work shovel beside a labor service armband
rearmament_1935|new rifle and tank gear beneath a military helmet
reintegrate_veterans|veteran medal returning to a civilian workbench
veterans_assistance|medal beside a relief parcel and helping hand
military_research_with_the_soviets|German and Soviet technical blueprints joined by calipers
eastern_trade_commissions|eastward freight wagon with signed trade papers
reichswehr_red_army_contacts|two military insignia over a shared map
berlin_treaty|sealed diplomatic treaty scroll over an eastward map, no architecture
lipetsk_training|biplane above a flight training chart
armored_trials_in_the_east|tank tread crossing a test-ground diagram
saar_plebiscite|Saar ballot urn over a coalfield map
state_elections|regional ballot boxes under multiple civic shields
coalition_bargaining|interlocked party ribbons around a negotiation table
safeguard_civil_rights|open constitution and protective hand
social_partnership|worker and employer hands over a shared gear
expand_universities|open university book with a mortarboard and laurel
public_broadcasting|vintage microphone before a civic signal arc
reichsbahn_reform|streamlined locomotive wheel over track plans
support_mittelstand|small workshop storefront and craft tools
chemical_industry|chemical flask and industrial pipework
housing_construction|row of new houses above a mason's trowel
rationalize_production|precision calipers around an assembly gear
industrial_safety|worker helmet beside a protected machine cog
railway_workers_councils|rail wheel encircled by worker council hands
communal_relief|communal bread basket shared among homes
red_militias|red militia armband and crossed rifles
collectivize_transport|freight wagon under a red collective gear
local_soviets|cluster of local red council banners
socialist_science|atom orbiting a red scientific gear
princes_congress|several princely crowns around a council table
imperial_civil_service|imperial seal on official filing papers
joint_industrial_surveys|surveying instruments over factory plans
technical_missions|engineer's compass over diplomatic travel papers
eastern_grain_trade|grain sheaf beside an eastbound cargo wagon
kama_tank_school|tank silhouette over a training blackboard
preserve_pilot_training|pilot goggles and a folded aviation chart
enter_1936|calendar turning to 1936 beneath a German civic emblem
electrification|electric pylon sparking above a factory roof
domestic_capital|German bank vault and local investment ledger
build_reserves|stacked reserve coins inside a secure treasury box
export_guarantees|guarantee seal on a cargo manifest
industrial_recovery|restarted furnace illuminating a repaired gear
parliamentary_commissions|committee documents arranged under a Reichstag dome
civic_education|civic textbook and a school chalkboard ballot
social_compromise|worker and employer hands meeting over bread
local_government_reform|municipal charter and town hall keys
republican_crisis_cabinet|cabinet table facing a falling economy chart
defend_constitution|constitution book held before a shield
shop_floor_committees|factory workbench surrounded by committee ballots
workers_planning_board|workers' planning grid and red drafting pencil
socialist_welfare|red umbrella sheltering a family bread basket
red_training_schools|red training manual beside a drill whistle
workers_republic_constitution|red-star constitution held by workers
prussian_administration|Prussian eagle on a civil-service folder
federal_chambers|paired legislative law tablets joined by a civic ribbon
monarchist_reconciliation|crown and civic shield joined by a ribbon
royal_railways|crowned locomotive wheel and rail track
restored_court|royal throne and ceremonial court key
rapallo_commission|two diplomats' seals over an eastern treaty map
eastern_trade_network|linked rail and ship routes pointing east
eastern_exercises|joint military field map with maneuver arrows
joint_aviation_trials|two biplanes over a shared test chart
diplomatic_treaty_revision|diplomatic quill rewriting a treaty margin
foreign_press_campaign|international newspapers and a diplomatic globe
hidden_procurement|concealed crate and stamped purchase order
officer_professionalization|officer cap over a military academy diploma
party_administration|dark party office ledger beneath a torch
controlled_press|newspaper gripped by a censor's seal
reich_labor_front|authoritarian torch above regimented worker tools
state_contracts|government contract stamp on a factory order
arms_contracts|signed arms order beside a rifle and gear
reichswehr_oath|signed Reichswehr oath above crossed officer swords and an academy seal
merge_presidency_chancellorship|presidential seal joined to chancellery papers beneath a constitutional ribbon
mefo_bills_focus|MEFO bills ledger beside a stamped industrial credit voucher and factory gear
