# Visible German, Soviet, and White Russian interwar event-photo replacements.
# Event ID|local existing DDS or Wikimedia Commons file title|actual photographed subject|horizontal crop|vertical crop
INT_ger_milestone.1|commons:Conférence de Londres, à Douvres (Hans) von Seeckt (le 28 février 1921) - btv1b53050070n.jpg|Hans von Seeckt at Dover during the London conference, February 1921|0.5|0.5
INT_ger_milestone.2|commons:Gênes (conférence économique internationale), la délégation allemande, M. (Joseph) Wirth (1er rang, 3e à partir de la droite), M. (Walther) Rathenau (1er rang, 2e à partir de la gauche), cliché Vianello -... - btv1b53078422c.jpg|German delegation at the Genoa conference, April 1922|0.5|0.5
INT_ger_milestone.3|commons:French enter Essen.jpg|French troops entering Essen during the Ruhr occupation, 1923|0.5|0.5
INT_ger_milestone.4|commons:Inflatie in Duitsland mensen staan met handenvol bankbiljetten te reiken naar iemand die broden, SFA022005511.jpg|Germans offering banknotes for bread during the 1923 inflation|0.5|0.5
INT_ger_milestone.5|local:report_event_hitler_jail.dds|Adolf Hitler in prison after the Munich putsch|0.5|0.5
INT_ger_milestone.6|local:report_event_diplomats_arguing.dds|Interwar political leaders in discussion|0.5|0.5
INT_ger_milestone.7|commons:President Hoover portrait.jpg|President Herbert Hoover portrait|0.5|0.5
INT_ger_milestone.8|commons:Bundesarchiv Bild 102-12023, Berlin, Bankenkrach, Andrang bei der Sparkasse.jpg|Bank run at the Berlin municipal savings bank, July 1931|0.5|0.5
INT_ger_milestone.9|commons:16-6-32, Lausanne, von Papen - btv1b53256321s.jpg|Franz von Papen at Lausanne, June 1932|0.5|0.5
INT_ger_milestone.10|commons:Reichstagsbrand.jpg|Firefighters at the burning Reichstag, February 1933|0.5|0.5
INT_ger_milestone.11|local:report_event_hitler_speech.dds|Adolf Hitler speaking at a microphone|0.5|0.5
INT_ger_milestone.12|commons:Dead Hindenburg.jpg|Hindenburg lying in repose, August 1934|0.5|0.5
INT_ger_milestone.13|local:report_event_ger_civil_war.dds|Street fighting in Germany during the revolutionary era|0.5|0.5
INT_ger_milestone.14|local:report_event_sovietbavaria.dds|Armed men of the Bavarian Soviet Republic|0.5|0.5
INT_ger_milestone.15|local:report_event_ruhr_uprising.dds|Armed men in the German Ruhr uprising|0.5|0.5
INT_ger_milestone.16|local:report_event_hitler_leader.dds|Adolf Hitler portrait in the early Nazi period|0.5|0.5
INT_ger_milestone.17|local:report_event_german_politician_speech.dds|A German political speech in the interwar years|0.5|0.5
INT_ger_milestone.18|local:report_event_generic_sign_treaty1.dds|Officials signing an international treaty|0.5|0.5
INT_ger_milestone.19|commons:Reichsparteitag 1935.jpg|Nuremberg Nazi party rally in 1935|0.5|0.5
INT_ger_news.1|commons:Scheidemann proclaiming the Republic in front of the Reichstag (4688558376).jpg|Crowd at the proclamation of the German republic, 1918|0.5|0.5
INT_weimar.2|local:report_event_election_vote.dds|Voter casting a ballot|0.5|0.5
INT_weimar.3|local:report_event_general_strike.dds|Crowd gathered during a general strike|0.5|0.5
INT_weimar.4|local:report_event_generic_parliament.dds|Interwar parliamentary chamber|0.5|0.5
INT_weimar.5|commons:Bundesarchiv B 145 Bild-P046286, Berlin, Reichstagswahlen, Unruhen.jpg|Unrest during the Berlin Reichstag election of 1932|0.5|0.5
INT_weimar.7|commons:Bundesarchiv B 145 Bild-P046280, Braunschweig, Reichstagswahl, Wahllokal.jpg|Polling place at a German Reichstag election|0.5|0.5
INT_weimar.8|commons:Rat der Volksbeauftragten.jpg|Council of People's Deputies in December 1918|0.5|0.5
INT_weimar.9|commons:Bundesarchiv Bild 146-1982-092-29, Weimar, Kabinett Scheidemann, erste Sitzung.jpg|First session of the Scheidemann cabinet, February 1919|0.5|0.5
INT_weimar.10|commons:Noske gustav before1918.png|Gustav Noske portrait|0.5|0.5
INT_weimar.11|commons:Bundesarchiv Bild 146-1989-072-16, Matthias Erzberger.jpg|Matthias Erzberger portrait|0.5|0.5
INT_weimar.12|commons:Bundesarchiv Bild 183-L40010, Walter Rathenau.jpg|Walther Rathenau portrait, 1921|0.5|0.5
INT_weimar.13|commons:Bundesarchiv Bild 183-Z1117-502, Berlin, Staatsakt für Walter Rathenau.jpg|State memorial for Walther Rathenau in Berlin, 1922|0.5|0.5
INT_weimar.14|commons:(Rudolf) von Havenstein, président de la Reichsbank - btv1b531186554.jpg|Rudolf von Havenstein portrait|0.5|0.5
INT_weimar.15|commons:M. Hjalmar Schacht, président de la Reichsbank, à l'hôtel Astoria à Paris, lors de la commission d'experts du 21-01-1924 - btv1b53124426h.jpg|Hjalmar Schacht at the Paris experts' commission, January 1924|0.5|0.5
INT_weimar.16|commons:President Von Hindenburg posing for cameras, 1925.jpg|Hindenburg photographed as president in 1925|0.5|0.5
INT_weimar.17|local:report_event_pre_industrial_society.dds|Workers at an industrial plant|0.5|0.5
INT_weimar.18|commons:Bundesarchiv Bild 183-R11405, Carl Severing Trim.jpg|Carl Severing portrait|0.5|0.5
INT_weimar.19|commons:Bundesarchiv Bild 102-01049, Wilhelm Groener (cropped).jpg|Wilhelm Groener portrait|0.5|0.5
INT_weimar.20|commons:Bundesarchiv Bild 146-1979-122-29A, Philipp Scheidemann (cropped).jpg|Philipp Scheidemann portrait|0.5|0.5
INT_weimar.21|commons:Bundesarchiv Bild 183-J0113-0500-001, Gustav Bauer(cropped).jpg|Gustav Bauer portrait|0.5|0.5
INT_weimar.22|commons:Bundesarchiv Bild 146-1979-122-28A, Hermann Müller (cropped)(2).jpg|Hermann Muller portrait|0.5|0.5
INT_weimar.23|commons:Bundesarchiv Bild 183-R18733, Constantin Fehrenbach (cropped).jpg|Constantin Fehrenbach portrait|0.5|0.5
INT_weimar.24|commons:Bundesarchiv Bild 146III-105, Joseph Wirth (cropped).jpg|Joseph Wirth portrait|0.5|0.5
INT_weimar.25|commons:Wilhelm Cuno, 1876-1933, half-length portrait, facing right LCCN2005680053.tif|Wilhelm Cuno portrait|0.5|0.5
INT_weimar.26|commons:Bundesarchiv Bild 146-1989-040-27, Gustav Stresemann.jpg|Gustav Stresemann portrait|0.5|0.5
INT_weimar.27|commons:Reichskanzler Wilhelm Marx (cropped)(b).jpg|Wilhelm Marx portrait|0.5|0.5
INT_weimar.28|commons:Reichskanzler Luther ca1925 146-2002-007-34.jpg|Hans Luther portrait|0.5|0.5
INT_weimar.29|commons:Bundesarchiv Bild 146-2004-0143, Berlin, Kabinett Marx IV.jpg|Wilhelm Marx and his fourth cabinet, 1927|0.5|0.5
INT_weimar.30|commons:Bundesarchiv Bild 102-11412, Reichskabinett Müller.jpg|Hermann Muller and his second cabinet, 1928|0.5|0.5
INT_weimar.31|commons:Bundesarchiv Bild 183-1989-0630-504, Heinrich Brüning (cropped).jpg|Heinrich Bruning portrait|0.5|0.5
INT_weimar.33|commons:KurtVonScheleicherEn1932.jpeg|Kurt von Schleicher portrait|0.5|0.5
INT_ger_industry.1|local:report_event_airplane_factory.dds|Interwar aircraft factory floor|0.5|0.5
INT_ger_industry.2|local:report_event_railway_construction.dds|Workers building a railway|0.5|0.5
INT_ger_industry.3|local:report_event_railway.dds|Railway construction and industrial supply|0.5|0.5
INT_ger_industry.4|local:report_event_tank_factory.dds|Industrial equipment production|0.5|0.5
INT_ger_paths.1|commons:Bundesarchiv Bild 102-13850, Berlin, Sitzung des Reichstages.jpg|German Reichstag session in 1932|0.5|0.5
INT_ger_paths.2|local:report_event_german_reichstag_gathering.dds|Crowd gathered outside the German Reichstag|0.5|0.5
INT_ger_paths.3|commons:Sitting of the Workmen and Soldiers' Committee in the Reichstag (4688523464).jpg|Workers' and soldiers' council in the Reichstag, 1918|0.5|0.5
INT_ger_paths.4|local:report_event_royal_parade.dds|German royal procession|0.5|0.5
INT_ger_paths.5|commons:Conferenties, SFA022824907.jpg|German and Soviet delegates in conversation at Genoa, 1922|0.5|0.5
INT_ger_paths.6|local:report_event_treaty_of_brest_litovsk.dds|Delegates in a treaty conference|0.5|0.5
interwar_soviet.2|commons:Mirza portrait.jpg|Mirza Kuchik Khan of the Persian Soviet Republic, 1920-21|0.5|0.5
interwar_soviet.5|commons:Tampereen punakaartin komppania rintamalla (26936605946).jpg|Tampere Red Guard company at the front in 1918|0.5|0.5
interwar_soviet.9|local:report_event_treaty_of_moscow2.dds|Diplomats in treaty negotiations|0.5|0.5
interwar_soviet.10|local:report_event_finnish_civil_war.dds|Damage from the Finnish Civil War|0.5|0.5
interwar_soviet.13|local:report_event_hungary_parliament.dds|Hungarian parliamentary chamber|0.5|0.5
interwar_soviet.14|local:report_event_tartu_treaty.dds|Delegates at the Treaty of Tartu|0.5|0.5
interwar_soviet.23|local:report_event_russian_legion.dds|Russian soldiers in the revolutionary period|0.5|0.5
interwar_soviet.28|commons:Participants of the Azerbaijan SSR at the conference on the creation of the TSFSR.jpg|Delegates to the Transcaucasian federation conference, 1922|0.5|0.5
interwar_soviet.30|commons:Construction of the Dnieper Hydroelectric Power Station dam.jpg|Dnieper hydroelectric dam under construction, 1928-31|0.5|0.5
interwar_soviet.33|commons:Red Guard machine gun Helsinki 1918.jpg|Finnish Red Guards in Helsinki, 1918|0.5|0.5
interwar_soviet.34|local:report_event_russo_persian.dds|Street scene in Persia|0.5|0.5
INT_sov_rework.1|local:report_event_farm_land.dds|Farmers working fields|0.5|0.5
INT_sov_rework.3|commons:Magnitogorsk steel production facility 1930s.jpg|Steel production at Magnitogorsk in the early Soviet industrial era|0.5|0.5
INT_sov_rework.4|commons:Fruit and vegetable market in Leningrad, 1924.jpg|Food market in Leningrad during the NEP, 1924|0.5|0.5
INT_sov_rework.5|local:report_event_moscowtreaty.dds|Delegates outside a Moscow treaty venue|0.5|0.5
INT_sov_rework.6|local:report_event_russian_mob.dds|Russian troops assembled for inspection|0.5|0.5
interwar_white_russia.2|local:report_event_whites_win.dds|White Russian leaders in the civil war|0.5|0.5
interwar_white_russia.8|commons:LatvijasdiplomātiParīzēLatvijasdejureatzīšanasdienā-1(1).jpg|Latvian diplomats after international recognition, 1921|0.5|0.5
interwar_white_russia.9|local:report_event_poland_rejects.dds|Polish parliamentarian addressing the chamber|0.5|0.5
interwar_white_russia.10|local:report_event_west_ukraine.dds|Crowds in Western Ukraine|0.5|0.5
interwar_white_russia.11|local:report_event_lithuania_army.dds|Baltic soldiers in the interwar period|0.5|0.5
interwar_white_russia.12|local:report_event_king_in_finland.dds|Finnish monarchist figure of 1918|0.5|0.5
interwar_white_russia.13|commons:Azerbaijani delegation in Paris 3.jpg|Georgian and Azerbaijani delegates at the Paris Peace Conference in 1919|0.5|0.5
interwar_white_russia.15|local:report_event_romanov_tercentenary.dds|Nicholas II at the Romanov tercentenary, 1913|0.5|0.5
interwar_white_russia.16|local:report_event_russian_civil_war.dds|White Russian troops in the civil war|0.5|0.5
interwar_white_russia.19|local:report_event_greater_poland_uprising.dds|Armed men in a postwar uprising|0.5|0.5
interwar_white_russia.20|local:report_event_russian_polish_legion.dds|Russian and Polish troops in the civil-war era|0.5|0.5
interwar_white_russia.22|commons:Kolchakovshchina.jpg|Victims of the White Terror during Kolchak's rule in 1919|0.5|0.5
interwar_white_russia.23|local:report_event_serbian_grain.dds|Grain shipments on horse-drawn wagons|0.5|0.5
interwar_white_russia.27|commons:Mark V tank of the Don army 1919.jpg|British Mark V tank of the Don Army in 1919|0.5|0.5
interwar_white_russia.29|commons:Ungern-sternberg r.jpg|Roman von Ungern-Sternberg in military uniform|0.5|0.0
interwar_white_russia.30|commons:Wladiwostok Parade 1918.jpg|Japanese soldiers marching in Vladivostok, 1918|0.5|0.5
interwar_white_russia.32|commons:Romanovs at a bridge with common people near Mogilev, 1916 (2 of 4).jpg|Russian imperial family near Mogilev in 1916|0.5|0.5
interwar_white_russia.38|commons:Anton Denikin 1918-1919.jpg|General Anton Denikin portrait, 1918-19|0.5|0.5
interwar_white_russia.39|commons:General Krasnow (cropped).jpg|General Pyotr Krasnov in 1918|0.5|0.5
