# picture key|kind|Wikimedia Commons file title|actual historical subject (illustrative for alternate-history event)
INT_WHR_event_1|event|Governo provvisorio russo marzo 1917.jpg|Russian Provisional Government meeting, March 1917
INT_WHR_event_2|event|Demonstration on Nevsky Prospect on the opening day of the Constituent Assembly.jpg|Constituent Assembly demonstration in Petrograd, January 1918
INT_WHR_event_3|event|Nikolay II crowning.jpg|Coronation of Nicholas II, 1896
INT_WHR_event_4|event|Kolchak1919troops.jpg|Admiral Kolchak reviewing troops near Tobolsk, 1919
INT_WHR_event_5|event|Allied missions at Vladivostock LCCN2014708663.jpg|Allied military mission in Vladivostok, 1918
INT_WHR_event_6|event|LPDF 227 14 commission SDN.jpg|League of Nations commission in Paris, 1919
INT_WHR_event_7|event|Помещения Крестьянского поземельного банка в Самаре.jpg|Interior of the Peasant Land Bank in Samara, circa 1914
INT_WHR_event_8|event|Работница (сибирячка) на строительстве Сибкомбайна. Новосибирск. 1931 г.jpg|Siberian woman at the Sibkombain construction site, Novosibirsk, June 1931
INT_WHR_news_1|news|ManifestaciónAFavorDeLaRepúblicaPetrogrado1917--russiainrevolut00jone.jpg|Pro-republic demonstration in Petrograd, March 1917
INT_WHR_news_2|news|Romanovs1914.jpg|Romanov imperial family portrait, 1914
INT_WHR_news_3|news|Kolchak 04-1919.jpg|Admiral Kolchak in Omsk, April 1919
INT_WHR_news_4|news|Завод Динамо имени Кирова в Москве. Сборка электровоза.jpg|Locomotive assembly at Moscow Dynamo factory, 1930s
