# Focus ID|unique central motif|accent palette|subtle frame form
WHR_INT_reconstruction_cabinet|three sealed cabinet dossiers above a reconstruction gear|navy green and antique gold|thin round bronze rim
WHR_INT_white_coalition|two clasped hands beneath a small white-blue-red tricolor ribbon|slate blue and brass|restrained octagonal bronze rim
WHR_INT_civic_ministries|official desk stamp beside orderly ministry folders|deep teal and copper|thin square brass corners
WHR_INT_constituent_elections|ballot paper dropping into a wooden ballot box with a laurel sprig|indigo and warm brass|thin oval bronze rim
WHR_INT_republic_1935|constitutional book and ballot box under a modest civic star|blue and muted gold|thin heraldic shield outline
WHR_INT_dynastic_council|small imperial crown above three council chairs|dark plum and antique gold|subtle round gilt rim
WHR_INT_crown_and_cabinet|crown beside a signed ministerial decree, red wax seal|burgundy and brass|thin square gilt corners
WHR_INT_royal_industry|crowned forge anvil and two steel gears|wine red and burnished copper|subtle octagonal brass rim
WHR_INT_monarchy_1935|imperial crown and scepter over a dark heraldic shield|royal purple and gold|thin arched bronze rim
WHR_INT_admiralty_cabinet|naval admiral's cap over a council table|navy and brass|subtle circular rope rim
WHR_INT_officer_government|officer's peaked cap beside a government portfolio|slate and silver|thin octagonal steel rim
WHR_INT_emergency_statutes|sealed emergency statute with upright sword behind it|deep red and bronze|thin square iron corners
WHR_INT_kolchak_1935|admiral's anchor beneath a restrained laurel and star|midnight blue and silver|thin circular rope rim
WHR_INT_village_land_titles|small farmstead and plough beside a stamped land deed|olive and parchment gold|thin round wooden rim
WHR_INT_cossack_compact|Cossack saber crossed with a grain sheaf|steppe green and copper|subtle horseshoe-shaped bronze rim
WHR_INT_university_reopening|open scholarly book under a small oil lamp|forest green and ivory|thin arched brass rim
WHR_INT_debt_commission|loan ledger balanced against stacked coins|dark blue and muted gold|thin square iron corners
WHR_INT_renegotiate_loans|two hands exchanging a signed loan document|teal and antique gold|thin round bronze rim
WHR_INT_emigre_networks|sealed letter crossing a small globe with three connecting lines|indigo and copper|thin octagonal bronze rim
WHR_INT_pacific_trade|cargo steamer bow beside stacked export crates|sea blue and brass|thin oval rope rim
WHR_INT_border_commissions|surveyor's compass and boundary marker, no geographic map|pine green and bronze|thin square steel corners
WHR_INT_nonaggression_treaties|two crossed olive branches tied around a signed treaty|blue grey and ivory|thin circular bronze rim
WHR_INT_foreign_recognition|diplomatic handshake beneath a small globe and laurel|teal and silver|thin arched steel rim
WHR_INT_officer_academies|officer's training manual and crossed sabers|olive and brass|subtle round brass rim
WHR_INT_siberian_command|winter field cap above crossed military batons and pine bough|cold blue and steel|thin octagonal silver rim
WHR_INT_motor_transport|1920s military truck wheel and road milestone|olive green and copper|thin square steel corners
WHR_INT_artillery_school|field gun silhouette with trajectory arc and ranging compass|slate grey and brass|thin circular steel rim
WHR_INT_mobile_reserve|moving cavalry horse and truck wheel in compact silhouette|khaki and bronze|thin oval bronze rim
WHR_INT_aircraft_bureaus|biplane blueprint with drafting calipers|pale blue and navy|thin square brass corners
WHR_INT_flight_regiments|two 1920s biplanes flying in formation over clouds|sky blue and silver|thin round steel rim
WHR_INT_air_defense_network|searchlight beam crossing an anti-aircraft gun silhouette|midnight blue and copper|thin octagonal steel rim
WHR_INT_rail_recovery|steam locomotive crossing a repaired rail bridge|charcoal and copper|thin arched bronze rim
WHR_INT_bank_reconstruction|bank vault wheel and balanced coin stacks|deep green and gold|thin circular steel rim
WHR_INT_tractor_cooperatives|early farm tractor beside a grain sheaf|olive and ochre|thin square brass corners
WHR_INT_steel_contracts|steel I-beams beside glowing forge tongs|dark red and iron grey|thin octagonal iron rim
WHR_INT_grain_exports|grain sheaves beside cargo rail wagon|wheat gold and pine green|thin oval bronze rim
WHR_INT_industrial_consortia|three interlocking factory gears and smokestack silhouette|charcoal and brass|thin circular copper rim
WHR_INT_depression_response|downward market graph over public relief papers|desaturated blue and red wax|thin square steel corners
WHR_INT_recovery_1935|rising industry graph and newly lit factory windows|emerald and warm gold|thin arched bronze rim
WHR_INT_baltic_yards|shipyard crane lifting a destroyer hull section|steel blue and brass|thin square iron corners
WHR_INT_black_sea_staff|naval charting compass beside admiral's cap, no geographic map|navy and silver|thin circular rope rim
WHR_INT_fleet_modernization|modern cruiser bow and three riveted steel plates|ocean blue and copper|thin octagonal steel rim
WHR_INT_enter_1936|1936 calendar leaf beside a small balanced civic gear|deep teal and antique gold|thin circular bronze rim
